episode,reward,epsilon,lc
0,-90.715626,1.0,0
100,-132.07739600000002,0.994,1
200,-87.383981,0.988,2
300,-136.170674,0.982,1
400,-101.53526600000001,0.976,4
500,-101.30323800000001,0.97,2
600,-102.27638200000001,0.965,5
700,-95.34322800000001,0.959,1
800,-120.44318100000001,0.953,2
900,-116.58373,0.947,2
1000,-101.103228,0.942,1
1100,-88.59193,0.936,3
1200,-88.372652,0.93,4
1300,-101.13926500000001,0.925,5
1400,-90.88098400000001,0.919,1
1500,-94.02953099999999,0.914,5
1600,-119.383828,0.908,3
1700,-95.10898700000001,0.903,1
1800,-100.320114,0.898,3
1900,-73.701328,0.892,4
2000,-119.183818,0.887,3
2100,-115.528389,0.882,1
2200,-106.77383500000002,0.876,4
2300,-125.009103,0.871,4
2400,-122.58491000000001,0.866,9
2500,-107.264633,0.861,2
2600,-111.81502800000001,0.856,7
2700,-77.83716100000001,0.85,1
2800,-96.782084,0.845,6
2900,-111.00682800000001,0.84,3
3000,-102.992005,0.835,4
3100,-122.69856100000001,0.83,2
3200,-90.37050400000001,0.825,4
3300,-81.173382,0.82,6
3400,-110.346924,0.815,2
3500,-82.728666,0.811,4
3600,-99.24981000000001,0.806,9
3700,-126.56813500000001,0.801,5
3800,-107.718152,0.796,8
3900,-115.354443,0.791,6
4000,-120.49114,0.787,3
4100,-109.58210700000001,0.782,2
4200,-86.35664600000001,0.777,5
4300,-90.38783000000001,0.773,3
4400,-104.423101,0.768,4
4500,-87.51746400000002,0.763,11
4600,-124.824206,0.759,5
4700,-128.488223,0.754,5
4800,-124.57125400000001,0.75,8
4900,-99.662159,0.745,5
5000,-122.98630800000001,0.741,8
5100,-114.710216,0.736,10
5200,-106.06556500000002,0.732,5
5300,-85.520026,0.728,9
5400,-92.23543700000002,0.723,5
5500,-96.93746900000001,0.719,7
5600,-84.770729,0.715,3
5700,-121.850576,0.71,9
5800,-106.724905,0.706,9
5900,-101.055833,0.702,8
6000,-83.533268,0.698,12
6100,-112.138812,0.693,5
6200,-111.94754,0.689,7
6300,-121.778923,0.685,9
6400,-116.23126200000002,0.681,11
6500,-101.804302,0.677,7
6600,-111.11050600000002,0.673,7
6700,-110.519635,0.669,5
6800,-93.29299100000001,0.665,6
6900,-90.452701,0.661,13
7000,-80.18193400000001,0.657,11
7100,-93.83548900000001,0.653,6
7200,-84.567535,0.649,12
7300,-84.436972,0.645,8
7400,-96.875789,0.641,12
7500,-100.04207600000001,0.638,15
7600,-103.24315800000001,0.634,11
7700,-122.261126,0.63,8
7800,-111.014588,0.626,11
7900,-109.37212400000001,0.622,18
8000,-110.256146,0.619,14
8100,-90.05407300000002,0.615,12
8200,-123.56484300000001,0.611,16
8300,-114.41568000000001,0.608,17
8400,-95.355564,0.604,13
8500,-95.85787000000002,0.6,15
8600,-100.22933600000002,0.597,13
8700,-92.449582,0.593,18
8800,-124.19591300000002,0.59,11
8900,-94.173822,0.586,17
9000,-106.35372600000001,0.583,20
9100,-108.944255,0.579,10
9200,-85.880818,0.576,10
9300,-88.542586,0.572,20
9400,-102.76871500000001,0.569,17
9500,-90.967343,0.565,12
9600,-74.60878000000001,0.562,19
9700,-96.077562,0.559,18
9800,-105.692587,0.555,21
9900,-96.15836700000001,0.552,31
10000,-86.917034,0.549,22
10100,-96.83420500000001,0.545,23
10200,-111.510519,0.542,22
10300,-97.892323,0.539,18
10400,-90.51797900000001,0.536,7
10500,-96.448327,0.533,15
10600,-74.30648400000001,0.529,20
10700,-76.16864000000001,0.526,24
10800,-97.58488700000001,0.523,17
10900,-95.61545500000001,0.52,17
11000,-91.36596399999999,0.517,26
11100,-94.18297400000002,0.514,17
11200,-82.241887,0.511,23
11300,-87.15348800000001,0.508,37
11400,-95.531873,0.505,31
11500,-100.035701,0.502,32
11600,-121.42367800000001,0.499,32
11700,-114.58505,0.496,17
11800,-71.866207,0.493,31
11900,-119.528676,0.49,19
12000,-113.965909,0.487,28
12100,-96.00410300000001,0.484,21
12200,-93.241848,0.481,17
12300,-64.97186,0.478,25
12400,-95.72730700000001,0.475,31
12500,-98.945715,0.472,26
12600,-81.900777,0.47,29
12700,-82.65562100000001,0.467,38
12800,-85.241574,0.464,30
12900,-93.21676200000002,0.461,42
13000,-97.62924800000002,0.458,35
13100,-100.738988,0.456,38
13200,-69.86336500000002,0.453,44
13300,-91.62806800000001,0.45,37
13400,-77.70022300000001,0.447,32
13500,-100.286854,0.445,34
13600,-103.444967,0.442,35
13700,-109.69216,0.44,40
13800,-119.051456,0.437,27
13900,-69.883047,0.434,30
14000,-97.834241,0.432,44
14100,-77.59973600000001,0.429,27
14200,-74.23385300000001,0.427,30
14300,-113.480515,0.424,42
14400,-103.32674,0.421,33
14500,-74.57773300000001,0.419,37
14600,-95.44747000000001,0.416,40
14700,-80.33135800000001,0.414,39
14800,-100.923471,0.411,56
14900,-99.540334,0.409,50
15000,-87.06409500000001,0.407,44
15100,-106.93683700000001,0.404,41
15200,-98.520616,0.402,44
15300,-91.74366800000001,0.399,42
15400,-106.357888,0.397,32
15500,-112.61423300000001,0.395,35
15600,-100.112908,0.392,45
15700,-80.92222900000002,0.39,27
15800,-90.945441,0.387,43
15900,-85.68774700000002,0.385,44
16000,-115.641369,0.383,64
16100,-113.731104,0.381,40
16200,-118.328073,0.378,35
16300,-104.871487,0.376,47
16400,-104.94828000000001,0.374,55
16500,-102.151373,0.372,49
16600,-86.704688,0.369,60
16700,-91.221266,0.367,52
16800,-84.429212,0.365,44
16900,-107.52410300000003,0.363,52
17000,-80.83504900000001,0.361,60
17100,-93.567017,0.358,57
17200,-122.94431700000001,0.356,62
17300,-96.287131,0.354,64
17400,-79.858714,0.352,50
17500,-83.170263,0.35,49
17600,-83.020989,0.348,62
17700,-102.28789700000002,0.346,46
17800,-91.306647,0.344,81
17900,-102.080127,0.342,67
18000,-102.003898,0.34,55
18100,-108.23099500000001,0.338,54
18200,-92.207167,0.336,65
18300,-90.042151,0.334,51
18400,-113.517937,0.332,59
18500,-89.081486,0.33,62
18600,-101.369494,0.328,68
18700,-112.52247700000001,0.326,70
18800,-95.68129700000001,0.324,40
18900,-106.275698,0.322,72
19000,-90.07736,0.32,63
19100,-93.370198,0.318,61
19200,-103.101087,0.316,81
19300,-89.55912000000001,0.314,93
19400,-98.112429,0.312,94
19500,-82.46116500000001,0.31,64
19600,-70.277927,0.308,70
19700,-112.73204600000001,0.307,64
19800,-104.74729900000001,0.305,73
19900,-80.533167,0.303,71
20000,-110.596428,0.301,88
20100,-83.048845,0.299,81
20200,-110.84480400000001,0.298,68
20300,-87.80743100000001,0.296,68
20400,-110.13612,0.294,76
20500,-122.803217,0.292,73
20600,-103.368324,0.291,78
20700,-82.247848,0.289,80
20800,-104.46509900000001,0.287,83
20900,-81.42273600000001,0.285,88
21000,-95.132831,0.284,64
21100,-109.283973,0.282,88
21200,-114.117546,0.28,85
21300,-97.43381400000001,0.279,69
21400,-84.91280700000002,0.277,84
21500,-94.211808,0.275,88
21600,-96.878566,0.274,76
21700,-93.591689,0.272,99
21800,-91.81949000000002,0.27,85
21900,-107.320502,0.269,93
22000,-88.66775200000001,0.267,67
22100,-95.121887,0.266,86
22200,-89.65780800000002,0.264,92
22300,-77.91256900000002,0.262,99
22400,-103.189238,0.261,106
22500,-90.643145,0.259,85
22600,-106.84328200000002,0.258,94
22700,-103.87422800000002,0.256,78
22800,-113.970071,0.255,95
22900,-74.705112,0.253,86
23000,-94.965674,0.252,76
23100,-85.43659400000001,0.25,78
23200,-91.20296900000001,0.249,83
23300,-94.769833,0.247,76
23400,-96.13605800000002,0.246,104
23500,-104.47923400000002,0.244,88
23600,-102.53267500000001,0.243,79
23700,-91.71858200000001,0.241,93
23800,-101.12528000000002,0.24,81
23900,-104.321786,0.238,88
24000,-85.748456,0.237,108
24100,-98.54487400000001,0.235,99
24200,-92.78888600000002,0.234,75
24300,-103.70028200000002,0.233,106
24400,-107.368047,0.231,86
24500,-114.774673,0.23,101
24600,-96.842943,0.229,82
24700,-98.605583,0.227,104
24800,-101.51891800000001,0.226,112
24900,-106.15150299999999,0.224,115
25000,-78.957373,0.223,125
25100,-84.779467,0.222,93
25200,-97.521965,0.22,90
25300,-96.658874,0.219,100
25400,-100.264545,0.218,86
25500,-92.89714000000001,0.217,109
25600,-94.21818300000001,0.215,102
25700,-93.204012,0.214,97
25800,-95.33561800000001,0.213,131
25900,-99.109274,0.211,115
26000,-76.898398,0.21,107
26100,-104.770172,0.209,96
26200,-107.57941500000001,0.208,98
26300,-109.275799,0.206,105
26400,-88.97822200000002,0.205,113
26500,-95.458421,0.204,110
26600,-111.08140800000001,0.203,116
26700,-93.62093700000001,0.201,111
26800,-99.962249,0.2,116
26900,-91.531329,0.199,124
27000,-94.35290800000001,0.198,133
27100,-95.77346700000001,0.197,89
27200,-88.254989,0.196,115
27300,-100.42157900000001,0.194,106
27400,-84.89589500000001,0.193,84
27500,-108.949802,0.192,132
27600,-89.884703,0.191,109
27700,-94.01457500000001,0.19,118
27800,-106.399886,0.189,141
27900,-118.247832,0.187,106
28000,-78.760554,0.186,124
28100,-95.85205900000001,0.185,82
28200,-94.82596600000001,0.184,127
28300,-98.796441,0.183,125
28400,-80.383893,0.182,95
28500,-95.531052,0.181,129
28600,-83.743401,0.18,119
28700,-87.16361100000002,0.179,129
28800,-91.225842,0.178,120
28900,-90.948218,0.177,135
29000,-68.160606,0.176,119
29100,-94.44105900000001,0.174,142
29200,-95.030545,0.173,97
29300,-95.10538900000002,0.172,137
29400,-110.57951600000001,0.171,129
29500,-86.67184200000001,0.17,151
29600,-93.842842,0.169,141
29700,-101.71296000000001,0.168,149
29800,-89.577831,0.167,139
29900,-100.93580700000001,0.166,154
30000,-75.07824000000001,0.165,115
30100,-113.01203300000002,0.164,121
30200,-106.45976700000001,0.163,124
30300,-108.261628,0.162,129
30400,-85.46584200000001,0.161,114
30500,-105.84560900000001,0.16,149
30600,-98.79782600000001,0.159,130
30700,-90.70760200000001,0.158,153
30800,-105.329996,0.158,136
30900,-103.61212400000001,0.157,157
31000,-94.236894,0.156,175
31100,-83.12965700000001,0.155,136
31200,-109.02284700000001,0.154,120
31300,-99.242614,0.153,139
31400,-89.81027300000001,0.152,133
31500,-81.511301,0.151,131
31600,-71.569872,0.15,124
31700,-87.89974400000001,0.149,155
31800,-96.337039,0.148,151
31900,-88.66317599999999,0.147,155
32000,-90.07334800000001,0.147,136
32100,-99.822534,0.146,151
32200,-65.831767,0.145,150
32300,-106.84328200000002,0.144,138
32400,-69.09993300000001,0.143,134
32500,-92.55284600000002,0.142,149
32600,-95.67395100000002,0.141,123
32700,-106.83690700000001,0.141,159
32800,-105.385715,0.14,170
32900,-108.16987200000001,0.139,182
33000,-100.48603600000001,0.138,169
33100,-101.419402,0.137,139
33200,-107.08168500000002,0.136,146
33300,-92.27522200000001,0.136,160
33400,-107.025552,0.135,129
33500,-94.96845100000002,0.134,150
33600,-75.22113900000001,0.133,147
33700,-92.03861800000001,0.132,140
33800,-99.806036,0.132,168
33900,-98.12476500000001,0.131,167
34000,-105.123197,0.13,152
34100,-75.938561,0.129,164
34200,-86.80559600000001,0.128,156
34300,-104.618121,0.128,145
34400,-95.242891,0.127,149
34500,-100.368223,0.126,185
34600,-72.768112,0.125,169
34700,-110.32378700000001,0.125,169
34800,-85.92836300000002,0.124,170
34900,-94.723673,0.123,158
35000,-115.165948,0.122,152
35100,-101.396529,0.122,158
35200,-102.93726400000001,0.121,128
35300,-100.71791400000001,0.12,143
35400,-93.04641400000001,0.12,151
35500,-113.22340100000001,0.119,140
35600,-114.22482200000002,0.118,173
35700,-88.907954,0.117,173
35800,-93.567017,0.117,163
35900,-95.638328,0.116,158
36000,-97.82606700000001,0.115,167
36100,-93.32820000000001,0.115,159
36200,-90.40073000000001,0.114,178
36300,-106.397673,0.113,141
36400,-97.344835,0.113,157
36500,-91.458284,0.112,141
36600,-100.10473400000001,0.111,160
36700,-94.382156,0.111,181
36800,-92.428658,0.11,181
36900,-92.87663,0.109,166
37000,-95.39812600000002,0.109,142
37100,-89.21441200000001,0.108,145
37200,-88.03030700000001,0.107,181
37300,-105.713661,0.107,172
37400,-107.77124400000001,0.106,157
37500,-83.369859,0.105,157
37600,-95.90639300000001,0.105,166
37700,-92.36836300000002,0.104,188
37800,-98.03563600000001,0.104,176
37900,-111.856762,0.103,152
38000,-95.19451800000002,0.102,196
38100,-102.30660800000001,0.102,150
38200,-92.281597,0.101,171
38300,-94.216384,0.1,183
38400,-78.11077300000001,0.1,156
38500,-100.52705600000002,0.099,182
38600,-103.73729,0.099,177
38700,-104.64459200000002,0.098,168
38800,-106.117272,0.097,186
38900,-96.16031600000001,0.097,177
39000,-84.65527900000001,0.096,189
39100,-69.524618,0.096,181
39200,-88.254989,0.095,154
39300,-73.900096,0.095,173
39400,-84.81509000000001,0.094,189
39500,-112.49517800000001,0.093,182
39600,-107.567079,0.093,178
39700,-100.62533700000002,0.092,188
39800,-97.903681,0.092,163
39900,-83.52329500000002,0.091,183
40000,-107.54240700000001,0.091,185
40100,-100.51070800000001,0.09,155
40200,-89.380598,0.09,173
40300,-94.72645,0.089,142
40400,-83.794544,0.089,186
40500,-95.23790100000001,0.088,174
40600,-102.940448,0.087,158
40700,-93.54234500000001,0.087,200
40800,-100.061351,0.086,165
40900,-107.820031,0.086,185
41000,-101.817616,0.085,197
41100,-97.73389700000001,0.085,165
41200,-89.619415,0.084,177
41300,-87.744923,0.084,194
41400,-88.09697700000001,0.083,204
41500,-99.679635,0.083,194
41600,-100.269114,0.082,193
41700,-87.91886900000002,0.082,192
41800,-91.67381400000001,0.081,184
41900,-108.49407000000001,0.081,179
42000,-101.844087,0.08,226
42100,-97.909235,0.08,178
42200,-98.59324699999999,0.079,186
42300,-105.63645400000001,0.079,180
42400,-102.31256900000001,0.079,170
42500,-99.202415,0.078,199
42600,-108.935667,0.078,186
42700,-89.461403,0.077,155
42800,-103.81629600000001,0.077,176
42900,-89.60846400000001,0.076,209
43000,-98.80461500000001,0.076,198
43100,-66.74503700000001,0.075,187
43200,-103.44275400000001,0.075,183
43300,-99.14032100000001,0.074,172
43400,-96.982244,0.074,188
43500,-101.776032,0.074,167
43600,-93.048777,0.073,221
43700,-96.929709,0.073,192
43800,-100.098359,0.072,175
43900,-81.78394200000001,0.072,191
44000,-84.673576,0.071,196
44100,-103.26464600000001,0.071,173
44200,-105.242816,0.071,183
44300,-81.31684500000001,0.07,175
44400,-78.270998,0.07,166
44500,-80.26191800000001,0.069,192
44600,-87.35267000000002,0.069,192
44700,-94.329621,0.068,177
44800,-103.276982,0.068,184
44900,-86.06308800000001,0.068,185
45000,-94.58036000000001,0.067,196
45100,-81.890804,0.067,162
45200,-109.63021600000002,0.066,195
45300,-70.310923,0.066,142
45400,-98.659503,0.066,214
45500,-110.36537100000001,0.065,201
45600,-92.16337,0.065,220
45700,-110.31242900000001,0.064,187
45800,-105.66154,0.064,209
45900,-107.93105500000001,0.064,181
46000,-109.876793,0.063,199
46100,-115.131303,0.063,188
46200,-92.662899,0.063,204
46300,-103.349613,0.062,154
46400,-109.858496,0.062,232
46500,-96.216035,0.061,205
46600,-103.27518300000001,0.061,187
46700,-98.02704800000001,0.061,206
46800,-76.768249,0.06,183
46900,-109.07260500000001,0.06,228
47000,-108.949802,0.06,184
47100,-108.825614,0.059,199
47200,-84.904633,0.059,217
47300,-91.87562299999999,0.059,209
47400,-80.68439000000001,0.058,199
47500,-104.39164000000001,0.058,177
47600,-99.79786200000001,0.057,182
47700,-105.346494,0.057,169
47800,-94.7137,0.057,209
47900,-109.75898000000001,0.056,181
48000,-90.424017,0.056,211
48100,-85.372701,0.056,162
48200,-65.086489,0.055,177
48300,-87.616573,0.055,195
48400,-93.15563900000001,0.055,178
48500,-95.24247700000001,0.054,196
48600,-93.934184,0.054,207
48700,-86.85951600000001,0.054,182
48800,-69.37159600000001,0.053,199
48900,-78.849119,0.053,193
49000,-100.51070800000001,0.053,179
49100,-88.26274900000001,0.053,185
49200,-70.661178,0.052,223
49300,-94.85839800000001,0.052,167
49400,-76.95633000000001,0.052,186
49500,-94.657981,0.051,189
49600,-96.25207200000001,0.051,219
49700,-58.910535,0.051,188
49800,-95.887682,0.05,189
49900,-85.98048400000002,0.05,194
50000,-82.294008,0.05,225
50100,-69.541944,0.05,223
50200,-86.05491400000001,0.05,192
50300,-97.309212,0.05,159
50400,-78.515776,0.05,185
50500,-91.95601400000001,0.05,197
50600,-108.24749299999999,0.05,217
50700,-78.03634300000002,0.05,182
50800,-91.278377,0.05,199
50900,-98.503704,0.05,184
51000,-100.964641,0.05,203
51100,-95.48309300000001,0.05,186
51200,-90.49983200000001,0.05,190
51300,-93.520857,0.05,162
51400,-77.349968,0.05,194
51500,-85.01787,0.05,179
51600,-93.921848,0.05,158
51700,-79.258284,0.05,185
51800,-57.858385000000006,0.05,211
51900,-69.05017500000001,0.05,183
52000,-99.24441300000001,0.05,188
52100,-95.79093600000002,0.05,211
52200,-82.40863000000002,0.05,195
52300,-109.43159800000001,0.05,142
52400,-89.91076000000001,0.05,196
52500,-73.843963,0.05,184
52600,-99.41239800000001,0.05,178
52700,-99.63167600000001,0.05,182
52800,-85.743466,0.05,167
52900,-96.07355000000001,0.05,188
53000,-64.115701,0.05,191
53100,-82.77441200000001,0.05,182
53200,-78.21527900000001,0.05,174
53300,-51.247209,0.05,166
53400,-96.18124,0.05,188
53500,-103.476578,0.05,180
53600,-58.87574,0.05,170
53700,-85.87680600000002,0.05,162
53800,-75.480052,0.05,183
53900,-110.96359500000001,0.05,172
54000,-83.94839400000001,0.05,168
54100,-107.93604500000001,0.05,187
54200,-116.12856200000002,0.05,172
54300,-119.471158,0.05,143
54400,-97.118768,0.05,171
54500,-107.656622,0.05,216
54600,-95.28765900000002,0.05,206
54700,-96.984043,0.05,187
54800,-76.050413,0.05,166
54900,-82.90137700000001,0.05,168
55000,-100.897,0.05,174
55100,-97.99004000000001,0.05,221
55200,-76.24861700000001,0.05,150
55300,-77.15592600000001,0.05,149
55400,-101.60152200000002,0.05,174
55500,-39.109303000000004,0.05,166
55600,-93.681232,0.05,158
55700,-96.30779100000001,0.05,177
55800,-99.40740800000002,0.05,191
55900,-109.184043,0.05,166
56000,-96.13425900000001,0.05,191
56100,-82.54058500000001,0.05,146
56200,-117.08161000000001,0.05,167
56300,-101.056397,0.05,159
56400,-77.14996500000001,0.05,204
56500,-91.57193500000001,0.05,182
56600,-98.07264400000001,0.05,187
56700,-77.284276,0.05,182
56800,-80.85196100000002,0.05,183
56900,-113.42895800000001,0.05,160
57000,-107.91497100000001,0.05,213
57100,-101.008438,0.05,147
57200,-114.63537200000002,0.05,153
57300,-88.636291,0.05,175
57400,-114.06321200000001,0.05,156
57500,-80.89395900000001,0.05,164
57600,-75.96960800000001,0.05,189
57700,-97.481773,0.05,193
57800,-88.79790100000001,0.05,161
57900,-106.994505,0.05,186
58000,-107.857453,0.05,162
58100,-95.663971,0.05,140
58200,-80.14189200000001,0.05,146
58300,-92.00757100000001,0.05,157
58400,-102.38062400000001,0.05,155
58500,-87.45218600000001,0.05,167
58600,-87.744923,0.05,142
58700,-56.81316700000001,0.05,143
58800,-87.17594700000001,0.05,173
58900,-109.58447000000001,0.05,166
59000,-102.47058100000001,0.05,204
59100,-99.47227900000001,0.05,177
59200,-109.230203,0.05,138
59300,-61.598217,0.05,127
59400,-114.29385500000001,0.05,148
59500,-81.62731500000001,0.05,160
59600,-95.215442,0.05,161
59700,-107.550167,0.05,149
59800,-100.67869300000001,0.05,137
59900,-77.55316200000001,0.05,161
60000,-78.63816500000001,0.05,154
60100,-73.800994,0.05,146
60200,-80.123181,0.05,170
60300,-65.15731400000001,0.05,154
60400,-113.799723,0.05,158
60500,-113.56548200000002,0.05,158
60600,-102.04728100000001,0.05,162
60700,-109.694523,0.05,128
60800,-101.39015400000001,0.05,132
60900,-105.10213000000002,0.05,169
61000,-89.75593900000001,0.05,142
61100,-95.605068,0.05,138
61200,-102.744043,0.05,147
61300,-114.599749,0.05,122
61400,-95.66757600000001,0.05,130
61500,-82.87171500000001,0.05,141
61600,-101.200681,0.05,157
61700,-82.52325900000001,0.05,138
61800,-109.02007,0.05,120
61900,-111.906934,0.05,153
62000,-64.14494900000001,0.05,186
62100,-101.54317600000002,0.05,152
62200,-87.894197,0.05,132
62300,-88.31846800000001,0.05,172
62400,-95.633752,0.05,159
62500,-96.04568700000002,0.05,154
62600,-89.76868900000001,0.05,164
62700,-100.22116199999999,0.05,143
62800,-93.45058900000001,0.05,155
62900,-117.523621,0.05,141
63000,-101.531668,0.05,139
63100,-69.97259000000001,0.05,142
63200,-40.405674,0.05,139
63300,-89.988381,0.05,136
63400,-83.560303,0.05,127
63500,-62.110646,0.05,163
63600,-75.87826600000001,0.05,147
63700,-55.566968,0.05,135
63800,-100.454989,0.05,176
63900,-98.816123,0.05,142
64000,-104.346458,0.05,121
64100,-103.66882100000001,0.05,127
64200,-103.929533,0.05,133
64300,-64.301983,0.05,136
64400,-78.939076,0.05,136
64500,-43.901706000000004,0.05,112
64600,-109.48315500000001,0.05,132
64700,-62.253545,0.05,135
64800,-87.791904,0.05,135
64900,-68.02130500000001,0.05,100
65000,-91.831826,0.05,137
65100,-113.663199,0.05,118
65200,-96.241535,0.05,124
65300,-110.751249,0.05,148
65400,-63.273677,0.05,126
65500,-108.11595200000001,0.05,123
65600,-119.898056,0.05,155
65700,-108.68035200000001,0.05,150
65800,-101.247255,0.05,140
65900,-94.92964400000001,0.05,139
66000,-89.465979,0.05,147
66100,-86.01554300000001,0.05,148
66200,-85.15897000000001,0.05,128
66300,-50.965422999999994,0.05,125
66400,-78.559573,0.05,129
66500,-105.72959500000002,0.05,146
66600,-105.38350200000001,0.05,142
66700,-86.647998,0.05,144
66800,-91.20893000000001,0.05,120
66900,-95.72967,0.05,144
67000,-94.470721,0.05,136
67100,-81.951099,0.05,128
67200,-97.470408,0.05,112
67300,-108.99539800000001,0.05,138
67400,-97.24337000000001,0.05,126
67500,-76.193312,0.05,112
67600,-97.867651,0.05,102
67700,-77.98103800000001,0.05,146
67800,-71.18399400000001,0.05,114
67900,-68.056514,0.05,99
68000,-111.500546,0.05,128
68100,-101.342195,0.05,121
68200,-84.77129300000001,0.05,128
68300,-117.04681500000001,0.05,138
68400,-97.037963,0.05,115
68500,-109.37947700000001,0.05,116
68600,-115.30165099999999,0.05,136
68700,-98.20279300000001,0.05,125
68800,-74.12657700000001,0.05,124
68900,-58.836518999999996,0.05,122
69000,-113.33483900000002,0.05,122
69100,-106.82235800000001,0.05,102
69200,-106.92228800000001,0.05,123
69300,-99.202415,0.05,137
69400,-78.28292,0.05,107
69500,-107.830568,0.05,123
69600,-80.52180200000001,0.05,104
69700,-89.241297,0.05,129
69800,-77.601121,0.05,118
69900,-84.04430500000001,0.05,129
70000,-89.47831500000001,0.05,124
70100,-87.261328,0.05,135
70200,-77.974663,0.05,121
70300,-46.366655,0.05,132
70400,-100.86913700000001,0.05,122
70500,-79.166528,0.05,119
70600,-104.09392000000001,0.05,103
70700,-109.447532,0.05,120
70800,-77.50160500000001,0.05,113
70900,-78.05366900000001,0.05,116
71000,-84.42103800000001,0.05,116
71100,-115.76915500000001,0.05,138
71200,-110.656723,0.05,101
71300,-93.77658600000001,0.05,125
71400,-102.76691600000001,0.05,118
71500,-108.758944,0.05,118
71600,-81.847421,0.05,113
71700,-49.746672999999994,0.05,117
71800,-91.269225,0.05,104
71900,-96.25207200000001,0.05,129
72000,-113.03532000000001,0.05,129
72100,-85.54526200000001,0.05,92
72200,-93.862938,0.05,122
72300,-88.27508500000002,0.05,121
72400,-106.41776900000002,0.05,128
72500,-97.78823100000001,0.05,126
72600,-105.47386600000002,0.05,125
72700,-96.15297,0.05,123
72800,-98.520616,0.05,111
72900,-108.59954700000002,0.05,128
73000,-111.548505,0.05,123
73100,-94.78854400000002,0.05,107
73200,-87.15944900000001,0.05,114
73300,-97.335683,0.05,114
73400,-92.803999,0.05,106
73500,-62.935758,0.05,101
73600,-70.014588,0.05,108
73700,-27.571420000000003,0.05,101
73800,-76.370035,0.05,130
73900,-93.983528,0.05,113
74000,-87.334373,0.05,112
74100,-60.698674999999994,0.05,99
74200,-96.326502,0.05,101
74300,-102.33128,0.05,123
74400,-72.79957300000001,0.05,109
74500,-66.274192,0.05,102
74600,-88.097391,0.05,119
74700,-105.36062900000002,0.05,125
74800,-112.562262,0.05,115
74900,-105.256123,0.05,104
75000,-60.611495,0.05,120
75100,-72.142032,0.05,96
75200,-64.853633,0.05,101
75300,-91.41448700000001,0.05,120
75400,-83.020989,0.05,103
75500,-89.487874,0.05,114
75600,-74.263101,0.05,100
75700,-70.59949800000001,0.05,100
75800,-74.61335600000001,0.05,127
75900,-86.86311400000001,0.05,95
76000,-70.310923,0.05,116
76100,-101.168249,0.05,112
76200,-86.127959,0.05,103
76300,-81.92601300000001,0.05,127
76400,-114.148593,0.05,109
76500,-97.008715,0.05,109
76600,-84.555763,0.05,118
76700,-102.225803,0.05,112
76800,-110.474039,0.05,104
76900,-59.78222100000001,0.05,124
77000,-103.58426800000001,0.05,117
77100,-65.09245,0.05,119
77200,-84.004527,0.05,127
77300,-57.016361,0.05,116
77400,-78.43219400000001,0.05,125
77500,-89.75094900000002,0.05,107
77600,-113.663199,0.05,99
77700,-48.56673,0.05,113
77800,-91.34781700000002,0.05,105
77900,-112.672315,0.05,109
78000,-96.996379,0.05,111
78100,-107.68129400000001,0.05,115
78200,-110.06446000000001,0.05,95
78300,-101.68427600000001,0.05,111
78400,-70.49582000000001,0.05,97
78500,-102.61985500000002,0.05,131
78600,-59.186774,0.05,128
78700,-85.01966900000001,0.05,119
78800,-98.69831,0.05,100
78900,-65.467377,0.05,109
79000,-86.54030800000001,0.05,106
79100,-80.416739,0.05,94
79200,-117.381136,0.05,119
79300,-82.79034600000001,0.05,100
79400,-73.40832700000001,0.05,105
79500,-40.650452,0.05,111
79600,-73.74666,0.05,144
79700,-69.139568,0.05,122
79800,-91.310809,0.05,122
79900,-101.50976600000001,0.05,157
80000,-98.31146100000001,0.05,101
80100,-104.6044,0.05,117
80200,-85.20276700000001,0.05,86
80300,-68.57157000000001,0.05,123
80400,-100.20425,0.05,120
80500,-53.667804000000004,0.05,122
80600,-99.581918,0.05,119
80700,-94.89402100000001,0.05,105
80800,-98.145275,0.05,102
80900,-101.79376500000001,0.05,107
81000,-54.58842,0.05,120
81100,-93.92323300000001,0.05,108
81200,-67.16833700000001,0.05,105
81300,-112.927066,0.05,130
81400,-66.334073,0.05,115
81500,-70.361095,0.05,119
81600,-105.978949,0.05,110
81700,-106.79172500000001,0.05,103
81800,-45.587139,0.05,121
81900,-100.148531,0.05,111
82000,-80.17432400000001,0.05,101
82100,-49.267654,0.05,121
82200,-67.988459,0.05,108
82300,-101.12625100000001,0.05,106
82400,-74.57773300000001,0.05,88
82500,-72.38999400000002,0.05,95
82600,-93.45655000000001,0.05,116
82700,-98.38506300000002,0.05,120
82800,-106.94279800000001,0.05,142
82900,-66.757373,0.05,100
83000,-114.61846000000001,0.05,135
83100,-101.97465,0.05,117
83200,-64.613431,0.05,125
83300,-86.03980100000001,0.05,115
83400,-81.18212000000001,0.05,92
83500,-61.33889,0.05,102
83600,-84.89964300000001,0.05,121
83700,-57.60723200000001,0.05,104
83800,-59.647496000000004,0.05,95
83900,-83.24567100000002,0.05,90
84000,-96.523735,0.05,97
84100,-78.67517300000002,0.05,106
84200,-66.199348,0.05,126
84300,-68.406769,0.05,120
84400,-59.647082,0.05,110
84500,-81.905917,0.05,105
84600,-85.81831000000001,0.05,98
84700,-93.739164,0.05,93
84800,-110.06945,0.05,88
84900,-79.30762800000001,0.05,100
85000,-53.355528,0.05,116
85100,-94.95611500000001,0.05,112
85200,-106.938786,0.05,105
85300,-68.58986700000001,0.05,107
85400,-94.089005,0.05,132
85500,-70.476695,0.05,98
85600,-53.829,0.05,107
85700,-85.38822100000002,0.05,126
85800,-63.779167,0.05,113
85900,-79.89988400000001,0.05,125
86000,-85.02882100000001,0.05,106
86100,-63.059946,0.05,109
86200,-71.932877,0.05,104
86300,-95.633752,0.05,114
86400,-106.47528700000001,0.05,121
86500,-81.673889,0.05,111
86600,-98.53891300000001,0.05,126
86700,-80.05055000000002,0.05,96
86800,-115.568738,0.05,119
86900,-84.224219,0.05,111
87000,-65.57743,0.05,104
87100,-77.236731,0.05,118
87200,-87.59744800000001,0.05,111
87300,-91.659672,0.05,127
87400,-95.766678,0.05,123
87500,-83.037901,0.05,129
87600,-78.471979,0.05,136
87700,-73.191412,0.05,106
87800,-61.326554,0.05,95
87900,-59.439312,0.05,99
88000,-81.80223900000001,0.05,108
88100,-84.747035,0.05,97
88200,-81.23825300000001,0.05,123
88300,-59.431966,0.05,120
88400,-77.599322,0.05,96
88500,-58.413219,0.05,126
88600,-96.274945,0.05,105
88700,-47.558934,0.05,120
88800,-92.468436,0.05,117
88900,-78.92632600000002,0.05,125
89000,-110.88001300000002,0.05,99
89100,-68.98350500000001,0.05,136
89200,-105.279824,0.05,98
89300,-93.59765,0.05,112
89400,-60.250289,0.05,111
89500,-85.07816500000001,0.05,96
89600,-79.78248500000001,0.05,106
89700,-72.60372500000001,0.05,115
89800,-119.925505,0.05,120
89900,-115.419464,0.05,102
90000,-87.046212,0.05,109
90100,-82.780787,0.05,113
90200,-81.385314,0.05,122
90300,-89.72710500000001,0.05,122
90400,-51.39926,0.05,90
90500,-89.08467700000001,0.05,108
90600,-84.81966600000001,0.05,117
90700,-64.04903100000001,0.05,90
90800,-61.171319000000004,0.05,120
90900,-123.085417,0.05,101
91000,-79.124944,0.05,111
91100,-57.497178999999996,0.05,107
91200,-86.579115,0.05,110
91300,-47.41644900000001,0.05,111
91400,-98.37452600000002,0.05,112
91500,-109.15078300000002,0.05,129
91600,-72.142032,0.05,103
91700,-85.20276700000001,0.05,108
91800,-105.53319,0.05,99
91900,-108.566701,0.05,101
92000,-95.028746,0.05,91
92100,-88.188319,0.05,89
92200,-111.45577100000001,0.05,97
92300,-123.78176500000001,0.05,99
92400,-65.52351,0.05,120
92500,-87.50790500000001,0.05,113
92600,-106.10632100000001,0.05,95
92700,-65.473752,0.05,99
92800,-84.48950700000002,0.05,107
92900,-89.239912,0.05,111
93000,-95.489054,0.05,98
93100,-56.85655,0.05,122
93200,-52.100184,0.05,118
93300,-90.313964,0.05,104
93400,-61.484566,0.05,101
93500,-80.635046,0.05,73
93600,-67.574725,0.05,117
93700,-85.630229,0.05,116
93800,-110.13889,0.05,96
93900,-73.32835,0.05,109
94000,-59.241108,0.05,116
94100,-75.82074800000001,0.05,116
94200,-120.478954,0.05,114
94300,-63.501957000000004,0.05,118
94400,-81.38989000000001,0.05,132
94500,-87.095556,0.05,82
94600,-87.653581,0.05,101
94700,-87.366805,0.05,90
94800,-76.85501500000001,0.05,109
94900,-99.16720600000001,0.05,104
95000,-110.44659000000001,0.05,106
95100,-92.71723300000001,0.05,91
95200,-78.67337400000001,0.05,109
95300,-49.089132,0.05,87
95400,-64.281473,0.05,106
95500,-73.15717400000001,0.05,109
95600,-74.045772,0.05,113
95700,-103.853718,0.05,111
95800,-103.91899600000002,0.05,120
95900,-100.98916300000002,0.05,104
96000,-116.52816100000001,0.05,100
96100,-116.77155400000001,0.05,91
96200,-96.056638,0.05,110
96300,-80.941918,0.05,113
96400,-81.27526100000001,0.05,133
96500,-98.083181,0.05,91
96600,-105.211769,0.05,107
96700,-75.25357100000001,0.05,132
96800,-74.73990700000002,0.05,114
96900,-52.396519,0.05,113
97000,-57.526427,0.05,97
97100,-59.15434200000001,0.05,95
97200,-121.88856200000001,0.05,98
97300,-71.80231400000001,0.05,89
97400,-78.066005,0.05,96
97500,-43.779317,0.05,95
97600,-71.04386500000001,0.05,110
97700,-90.989802,0.05,102
97800,-96.95299600000001,0.05,93
97900,-42.431803,0.05,116
98000,-105.464307,0.05,110
98100,-80.524579,0.05,118
98200,-107.731052,0.05,124
98300,-69.728226,0.05,105
98400,-51.324830000000006,0.05,100
98500,-100.11110900000001,0.05,110
98600,-73.69094100000001,0.05,91
98700,-79.320378,0.05,113
98800,-48.904649,0.05,113
98900,-73.172701,0.05,93
99000,-40.12805,0.05,112
99100,-81.64880300000002,0.05,113
99200,-58.861191,0.05,106
99300,-74.25492700000001,0.05,116
99400,-75.380536,0.05,84
99500,-90.276542,0.05,96
99600,-68.55285900000001,0.05,103
99700,-83.43472300000002,0.05,105
99800,-82.417782,0.05,97
99900,-93.044201,0.05,117
